"Asset","SHA256"
"public/assets/fonts/-F63fjptAgt5VM-kVkqdyU8n5ig.ttf","A7FDC993F9F0387CAEDBA4E42521136FA97E4C0837AE6239BF0413CCF8AF00C2"
"public/assets/fonts/-F6qfjptAgt5VM-kVkqdyU8n3twJ8lc.ttf","4FC14A73CA53BA9D32FD759AE1CA1A3133326035D0DD337862B3EE1633CC156E"
"public/assets/fonts/-F6qfjptAgt5VM-kVkqdyU8n3vAO8lc.ttf","754DFC9D50CF7AABFB6B108D2C2F7D20A3F1F2CC6F6C01640C6728091272CEC0"
"public/assets/fonts/cIf6MapbsEk7TDLdtEz1BwkmmA.ttf","A5466B946C7DECC8021748DCDE8B25B8A5325539A341BA9FB59307815B28DA5D"
"public/assets/fonts/cIflMapbsEk7TDLdtEz1BwkebIlFQA.ttf","BA224F677484F7ED6EF4BCA2D18A353BCCB5A68093E2E35A1502F1C14807F5DB"
"public/assets/fonts/cIflMapbsEk7TDLdtEz1BwkeJI9FQA.ttf","C9C2EE076C89BCE96FE318E91D1FF06F0B5217175373755ADB70365A66D4EC64"
"public/assets/fonts/cIflMapbsEk7TDLdtEz1BwkeQI5FQA.ttf","B27FF10E18F96386894F25A9E53A3B7C0244A70556461D2A9A99ACB3465299FA"
"public/assets/fonts/k3k6o8UDI-1M0wlSV9XAw6lQkqWY8Q82sJaRE-NWIDdgffTT0zRp8A.ttf","BED60488C2F5C0B24E01D931760B6F3E9A82619DCD081ED9BFF643D9F4FD9E3D"
"public/assets/fonts/k3k6o8UDI-1M0wlSV9XAw6lQkqWY8Q82sJaRE-NWIDdgffTT6jRp8A.ttf","F3A513D89ABF3BF1D5AA906B15F21EEFE7A7C98A6CF6463929A0A4032639D264"
"public/assets/fonts/k3k6o8UDI-1M0wlSV9XAw6lQkqWY8Q82sJaRE-NWIDdgffTTBjNp8A.ttf","BF52802DC93C0D9933F92A8D0DA0126124F8C37A838B3CC513190036DF14587D"
"public/assets/fonts/k3k6o8UDI-1M0wlSV9XAw6lQkqWY8Q82sJaRE-NWIDdgffTTNDNp8A.ttf","01170409E32E22123A354FBAA7DCB5CA5300790BB77C05D569EC8FDC394E78C9"
"public/assets/vendor/three.min.js","9274BBCEC8D96168626C732B5D31C775AA8CFB7EAA0599BEC0C175908A2C1CE2"
"public/assets/licenses/archivo-OFL.txt","108B4E57C9C796D3D38D0428CA7EE39DE47AD93187302718D9B2D8864B9B716B"
"public/assets/licenses/chakrapetch-OFL.txt","13831D02389D917D22FCFA6C79F98F8ACBF61D230ADD0E73A4D4DC5F3BFB9E56"
"public/assets/licenses/ibmplexmono-OFL.txt","7E6B2818EDBD8F6A01AE80641CC8F16A51080D08FB4E532BE3A0B6F74ADB07DA"
"public/assets/licenses/three-LICENSE.txt","7DDDF7C5B8FD10EE654DB8857D75D104B5557889AA5A91FC4CA545EA7C07062F"
