"Asset","Source","Status","RightsHolder","LicenseOrPermission","EvidenceLocation"
"/assets/images/01ec1ae128c069da.jpg","Extracted from supplied original website","Owner permission evidence required","","",""
"/assets/images/084b40f597243e7a.jpg","Extracted from supplied original website","Owner permission evidence required","","",""
"/assets/images/0874d0d4bd7e34f7.jpg","Extracted from supplied original website","Owner permission evidence required","","",""
"/assets/images/0a1b20656a239363.webp","Extracted from supplied original website","Owner permission evidence required","","",""
"/assets/images/0e6f66e3f95da9ea.webp","Extracted from supplied original website","Owner permission evidence required","","",""
"/assets/images/10f1065f663ec86e.jpg","Extracted from supplied original website","Owner permission evidence required","","",""
"/assets/images/11bb9c2e3b16b411.webp","Extracted from supplied original website","Owner permission evidence required","","",""
"/assets/images/11df2d701276f81f.jpg","Extracted from supplied original website","Owner permission evidence required","","",""
"/assets/images/129da59cec76bf51.webp","Extracted from supplied original website","Owner permission evidence required","","",""
"/assets/images/155222fc5d20cbd5.jpg","Extracted from supplied original website","Owner permission evidence required","","",""
"/assets/images/16b92b9f0d180ebc.jpg","Extracted from supplied original website","Owner permission evidence required","","",""
"/assets/images/184259a2c283f7a8.webp","Extracted from supplied original website","Owner permission evidence required","","",""
"/assets/images/1ad412a998adf72a.jpg","Extracted from supplied original website","Owner permission evidence required","","",""
"/assets/images/1b9929281f6348aa.jpg","Extracted from supplied original website","Owner permission evidence required","","",""
"/assets/images/1c3a6670ed1a88c8.jpg","Extracted from supplied original website","Owner permission evidence required","","",""
"/assets/images/1ddb2a8ccae89754.jpg","Extracted from supplied original website","Owner permission evidence required","","",""
"/assets/images/1fa327cbb12b7dfd.jpg","Extracted from supplied original website","Owner permission evidence required","","",""
"/assets/images/2078014979b16e5f.webp","Extracted from supplied original website","Owner permission evidence required","","",""
"/assets/images/21e6df84f06b589d.jpg","Extracted from supplied original website","Owner permission evidence required","","",""
"/assets/images/226b1c415bbaf21c.webp","Extracted from supplied original website","Owner permission evidence required","","",""
"/assets/images/237a10fc3bdd90bc.webp","Extracted from supplied original website","Owner permission evidence required","","",""
"/assets/images/2492e47521bd6e88.webp","Extracted from supplied original website","Owner permission evidence required","","",""
"/assets/images/2d4c391421e2b58c.jpg","Extracted from supplied original website","Owner permission evidence required","","",""
"/assets/images/2fbc609438433773.jpg","Extracted from supplied original website","Owner permission evidence required","","",""
"/assets/images/2fe7b81284f6d939.jpg","Extracted from supplied original website","Owner permission evidence required","","",""
"/assets/images/31c3d7fda23f8c4c.jpg","Extracted from supplied original website","Owner permission evidence required","","",""
"/assets/images/32112c6dff4785d9.jpg","Extracted from supplied original website","Owner permission evidence required","","",""
"/assets/images/329d50020511b5a4.jpg","Extracted from supplied original website","Owner permission evidence required","","",""
"/assets/images/32cc44ae35583ee8.jpg","Extracted from supplied original website","Owner permission evidence required","","",""
"/assets/images/34878b30343113c6.jpg","Extracted from supplied original website","Owner permission evidence required","","",""
"/assets/images/37f1313d8c1afcfd.webp","Extracted from supplied original website","Owner permission evidence required","","",""
"/assets/images/386756d9c513a295.jpg","Extracted from supplied original website","Owner permission evidence required","","",""
"/assets/images/38b70241b2d34889.jpg","Extracted from supplied original website","Owner permission evidence required","","",""
"/assets/images/3b8f97ee68dea32e.jpg","Extracted from supplied original website","Owner permission evidence required","","",""
"/assets/images/3c41a059f818b3b7.webp","Extracted from supplied original website","Owner permission evidence required","","",""
"/assets/images/3c90bbb4c31da8e7.jpg","Extracted from supplied original website","Owner permission evidence required","","",""
"/assets/images/3d6e47c6829729e8.webp","Extracted from supplied original website","Owner permission evidence required","","",""
"/assets/images/3ed7f3d7cff56cf6.jpg","Extracted from supplied original website","Owner permission evidence required","","",""
"/assets/images/3f20681333732fc1.jpg","Extracted from supplied original website","Owner permission evidence required","","",""
"/assets/images/426b5652367db89e.webp","Extracted from supplied original website","Owner permission evidence required","","",""
"/assets/images/42c6f7398f683c03.jpg","Extracted from supplied original website","Owner permission evidence required","","",""
"/assets/images/43f0a5938f49c4fa.jpg","Extracted from supplied original website","Owner permission evidence required","","",""
"/assets/images/4425b815965c971f.webp","Extracted from supplied original website","Owner permission evidence required","","",""
"/assets/images/442825037ca8f7eb.jpg","Extracted from supplied original website","Owner permission evidence required","","",""
"/assets/images/4771182c0c7f9169.webp","Extracted from supplied original website","Owner permission evidence required","","",""
"/assets/images/48e80d4d70fc5956.jpg","Extracted from supplied original website","Owner permission evidence required","","",""
"/assets/images/4bf62cde86373c3c.webp","Extracted from supplied original website","Owner permission evidence required","","",""
"/assets/images/4db3f24b77a8a50d.jpg","Extracted from supplied original website","Owner permission evidence required","","",""
"/assets/images/4e1f2620d0382279.jpg","Extracted from supplied original website","Owner permission evidence required","","",""
"/assets/images/54743866e28cfc4a.jpg","Extracted from supplied original website","Owner permission evidence required","","",""
"/assets/images/550a53a2af76c00c.jpg","Extracted from supplied original website","Owner permission evidence required","","",""
"/assets/images/566ec5bd13b1dc56.jpg","Extracted from supplied original website","Owner permission evidence required","","",""
"/assets/images/5a647f8af36cb7f1.jpg","Extracted from supplied original website","Owner permission evidence required","","",""
"/assets/images/5bec7e8c574d5c9a.jpg","Extracted from supplied original website","Owner permission evidence required","","",""
"/assets/images/5cae714983661e71.jpg","Extracted from supplied original website","Owner permission evidence required","","",""
"/assets/images/5d339a6fb70ded08.jpg","Extracted from supplied original website","Owner permission evidence required","","",""
"/assets/images/5f9e411cf647f5f0.jpg","Extracted from supplied original website","Owner permission evidence required","","",""
"/assets/images/5ffa3b01f7406f62.jpg","Extracted from supplied original website","Owner permission evidence required","","",""
"/assets/images/65cb97c65ac3299b.jpg","Extracted from supplied original website","Owner permission evidence required","","",""
"/assets/images/660ec3ae807be59b.jpg","Extracted from supplied original website","Owner permission evidence required","","",""
"/assets/images/66127b5875093483.jpg","Extracted from supplied original website","Owner permission evidence required","","",""
"/assets/images/69d20432eb81b551.webp","Extracted from supplied original website","Owner permission evidence required","","",""
"/assets/images/6a1fcef0dc4711b3.webp","Extracted from supplied original website","Owner permission evidence required","","",""
"/assets/images/6c9ed17e91a55d8b.jpg","Extracted from supplied original website","Owner permission evidence required","","",""
"/assets/images/6e53b149fd1dae2a.jpg","Extracted from supplied original website","Owner permission evidence required","","",""
"/assets/images/708f6b49b77473bb.webp","Extracted from supplied original website","Owner permission evidence required","","",""
"/assets/images/70c674c1253a2be9.jpg","Extracted from supplied original website","Owner permission evidence required","","",""
"/assets/images/71053de78ce6c78c.jpg","Extracted from supplied original website","Owner permission evidence required","","",""
"/assets/images/723f589c563ac19f.webp","Extracted from supplied original website","Owner permission evidence required","","",""
"/assets/images/733ffd2041b927fa.jpg","Extracted from supplied original website","Owner permission evidence required","","",""
"/assets/images/7d0a6608cb88339b.webp","Extracted from supplied original website","Owner permission evidence required","","",""
"/assets/images/7fc243bf79af596e.webp","Extracted from supplied original website","Owner permission evidence required","","",""
"/assets/images/8095e9de757b89c3.jpg","Extracted from supplied original website","Owner permission evidence required","","",""
"/assets/images/861ce5ef42c47dbe.jpg","Extracted from supplied original website","Owner permission evidence required","","",""
"/assets/images/8a3212aaac59ea8b.jpg","Extracted from supplied original website","Owner permission evidence required","","",""
"/assets/images/8a8fbe1f65443f80.jpg","Extracted from supplied original website","Owner permission evidence required","","",""
"/assets/images/8bdabe1a31974384.jpg","Extracted from supplied original website","Owner permission evidence required","","",""
"/assets/images/8c78a535fa14b64a.webp","Extracted from supplied original website","Owner permission evidence required","","",""
"/assets/images/8dcd869021365fa6.jpg","Extracted from supplied original website","Owner permission evidence required","","",""
"/assets/images/8ddc9d52adede20b.jpg","Extracted from supplied original website","Owner permission evidence required","","",""
"/assets/images/945a6e1dc079740e.jpg","Extracted from supplied original website","Owner permission evidence required","","",""
"/assets/images/94be588b174c6769.webp","Extracted from supplied original website","Owner permission evidence required","","",""
"/assets/images/9529a9562c7ec8ce.jpg","Extracted from supplied original website","Owner permission evidence required","","",""
"/assets/images/9864bd1a6b6d0a33.jpg","Extracted from supplied original website","Owner permission evidence required","","",""
"/assets/images/989fd28ab6fffe57.jpg","Extracted from supplied original website","Owner permission evidence required","","",""
"/assets/images/9ab8c7d14b5505b5.jpg","Extracted from supplied original website","Owner permission evidence required","","",""
"/assets/images/9e6780a0cd6be236.webp","Extracted from supplied original website","Owner permission evidence required","","",""
"/assets/images/9fc274e0e3de1382.webp","Extracted from supplied original website","Owner permission evidence required","","",""
"/assets/images/a0094034d6531d81.webp","Extracted from supplied original website","Owner permission evidence required","","",""
"/assets/images/a14bd5f8a40e9d34.webp","Extracted from supplied original website","Owner permission evidence required","","",""
"/assets/images/a343b2aca2234550.jpg","Extracted from supplied original website","Owner permission evidence required","","",""
"/assets/images/a50f53cd5f4352e8.webp","Extracted from supplied original website","Owner permission evidence required","","",""
"/assets/images/a533f66040baf56c.webp","Extracted from supplied original website","Owner permission evidence required","","",""
"/assets/images/a6301c69d96fc3db.jpg","Extracted from supplied original website","Owner permission evidence required","","",""
"/assets/images/a9610271fa94abb2.webp","Extracted from supplied original website","Owner permission evidence required","","",""
"/assets/images/a9c36d833e287e49.jpg","Extracted from supplied original website","Owner permission evidence required","","",""
"/assets/images/aee8c1742c27ff83.webp","Extracted from supplied original website","Owner permission evidence required","","",""
"/assets/images/af09daba17d4e926.jpg","Extracted from supplied original website","Owner permission evidence required","","",""
"/assets/images/b06342987b368b61.webp","Extracted from supplied original website","Owner permission evidence required","","",""
"/assets/images/b2019d0b4d709ed9.webp","Extracted from supplied original website","Owner permission evidence required","","",""
"/assets/images/b835502b300c8c1f.jpg","Extracted from supplied original website","Owner permission evidence required","","",""
"/assets/images/ba6a9e3605f3d937.jpg","Extracted from supplied original website","Owner permission evidence required","","",""
"/assets/images/baf2359d837a2c17.jpg","Extracted from supplied original website","Owner permission evidence required","","",""
"/assets/images/bde34ab38a24af08.jpg","Extracted from supplied original website","Owner permission evidence required","","",""
"/assets/images/c00c67d025d88978.webp","Extracted from supplied original website","Owner permission evidence required","","",""
"/assets/images/c111c2c2c417a296.jpg","Extracted from supplied original website","Owner permission evidence required","","",""
"/assets/images/c53d7d78fce43c37.jpg","Extracted from supplied original website","Owner permission evidence required","","",""
"/assets/images/cd475686a69ee59e.jpg","Extracted from supplied original website","Owner permission evidence required","","",""
"/assets/images/cd9c6feebba89ef5.jpg","Extracted from supplied original website","Owner permission evidence required","","",""
"/assets/images/cdd8efa55dc4b84b.webp","Extracted from supplied original website","Owner permission evidence required","","",""
"/assets/images/d1aeac863b4ebf60.jpg","Extracted from supplied original website","Owner permission evidence required","","",""
"/assets/images/d3eff1bf0bc05a65.jpg","Extracted from supplied original website","Owner permission evidence required","","",""
"/assets/images/d5204f91dde4960a.webp","Extracted from supplied original website","Owner permission evidence required","","",""
"/assets/images/d5453173fac8ea76.webp","Extracted from supplied original website","Owner permission evidence required","","",""
"/assets/images/dc234d7c4872b2cf.jpg","Extracted from supplied original website","Owner permission evidence required","","",""
"/assets/images/e377f11032db06e8.jpg","Extracted from supplied original website","Owner permission evidence required","","",""
"/assets/images/e40506d5b1a1cc5f.webp","Extracted from supplied original website","Owner permission evidence required","","",""
"/assets/images/e4b0a8770836cfcd.webp","Extracted from supplied original website","Owner permission evidence required","","",""
"/assets/images/e5d3cb466a40b86d.jpg","Extracted from supplied original website","Owner permission evidence required","","",""
"/assets/images/e72ae678948c85af.jpg","Extracted from supplied original website","Owner permission evidence required","","",""
"/assets/images/e8a146bef6fe8c58.jpg","Extracted from supplied original website","Owner permission evidence required","","",""
"/assets/images/e9768807a9939774.webp","Extracted from supplied original website","Owner permission evidence required","","",""
"/assets/images/e9f57bf612da6f05.jpg","Extracted from supplied original website","Owner permission evidence required","","",""
"/assets/images/eaa9215fc6280662.jpg","Extracted from supplied original website","Owner permission evidence required","","",""
"/assets/images/eb005f428c108447.jpg","Extracted from supplied original website","Owner permission evidence required","","",""
"/assets/images/eea90d72b9633ee3.webp","Extracted from supplied original website","Owner permission evidence required","","",""
"/assets/images/f1737b46c8fd89cf.jpg","Extracted from supplied original website","Owner permission evidence required","","",""
"/assets/images/f27b33dc441c9394.webp","Extracted from supplied original website","Owner permission evidence required","","",""
"/assets/images/fe48bccb952711e5.jpg","Extracted from supplied original website","Owner permission evidence required","","",""
"/assets/images/ff6210cf20396106.webp","Extracted from supplied original website","Owner permission evidence required","","",""
"/assets/images/ffb73d0300026b76.webp","Extracted from supplied original website","Owner permission evidence required","","",""
